ID,Categoria,Titulo,Medio,Fecha,Resumen,Comentario_Reaccion,
1,Generacion Z,Gen Z-styled protests spread in Mexico,Reuters,11/16/2025,Protestas tras asesinato de alcalde; enfrentamientos con policía.,"Jóvenes exigen seguridad, no sólo retórica política. #MexicoProtesta",
2,Frankenstein,Frankenstein ya en streaming,Netflix Tudum,11/7/2025,La película se estrena en Netflix; estructura en tres actos.,"La versión de Del Toro es increíblemente emotiva, ¡lágrimas garantizadas! #GDTFrankenstein",
3,Generacion Z,Sheinbaum desautoriza marcha de la generación Z,El País,11/17/2025,Gobierno señala baja participación juvenil y presencia de opositores adultos.,"Dicen que somos pocos, pero el ruido que hacemos es por todos. #SomosMas",
4,Frankenstein,Del Toro visita CDMX por estreno,Milenio,10/30/2025,Del Toro y elenco asistirán a evento en Ciudad de México.,"Necesito ir a la alfombra roja, GDT es un ídolo de la estética gótica. #CDMX",
5,Generacion Z,Gobierno vincula marcha con desinformación,El País,11/13/2025,Acusan campaña digital financiada con bots e influencers.,Siempre es más fácil culpar a los bots que escuchar la calle. #NoSoyUnBot,
6,Frankenstein,Estreno en cines mexicanos,TV Azteca,10/23/2025,Se proyecta solo en cines seleccionados e independientes.,Una obra maestra que DEBE verse en pantalla grande. El sonido es vital.,
7,Generacion Z,Generación Z toma las calles,Euronews,11/16/2025,20 detenidos y 100 policías heridos en movilizaciones.,"Los enfrentamientos escalaron. Piden diálogo, no represión.",
8,Frankenstein,Frankenstein llega a Netflix,El Financiero,11/4/2025,Disponible en streaming desde el 7 de noviembre.,Perfecto para un maratón de terror melancólico este fin de semana.,
9,Generacion Z,Testimonios de jóvenes sobre protesta,El País,11/16/2025,"Jóvenes denuncian inseguridad, falta de medicinas y problemas sociales.",El grito es por el futuro que nos están robando. #MexicoDespierta,
10,Frankenstein,13 minutos de aplausos en Venecia,El Financiero,8/31/2025,La película recibe ovación en el Festival de Venecia.,La crítica la ama. Del Toro lo vuelve a hacer con el género de monstruos.,
11,Generacion Z,Análisis: ¿Qué busca realmente la Gen Z en las marchas?,BBC Mundo,11/18/2025,Estudio indica desconfianza en instituciones y uso de memes como protesta.,"Usamos los memes para reír, pero la indignación es real. #ProtestaDigital",
12,Frankenstein,Oscar a Mejor Maquillaje asegurado para GDT,Variety,11/15/2025,Expertos predicen múltiples nominaciones por el diseño del Monstruo.,El look del Monstruo es desgarradoramente bello. Del Toro y su estética.,
13,Generacion Z,El factor TikTok en las protestas mexicanas,DW,11/15/2025,La red social es la principal herramienta de convocatoria y difusión.,"Vi el live de la marcha en TikTok, mucho más rápido que las noticias.",
14,Frankenstein,La nueva visión de la criatura de Del Toro,Rolling Stone,11/8/2025,El director se enfoca en la soledad y la humanidad del Monstruo.,"No es solo terror, es drama existencial. Mary Shelley estaría orgullosa.",
15,Generacion Z,Marcha: ¿El inicio de un nuevo movimiento juvenil?,Reforma,11/17/2025,Sociólogos debaten si las protestas tienen el potencial de la Primavera Árabe.,"Espero que sea el inicio de un cambio real, no solo un flash.",
16,Frankenstein,Elenco de lujo cautiva a la audiencia global,Hollywood Reporter,11/9/2025,Análisis de las actuaciones de [Actor 1] y [Actor 2] como Dr. y Monstruo.,"[Actor 2] como el Monstruo es brutal, sin palabras.",
17,Generacion Z,Gobierno refuerza seguridad en el Zócalo,Milenio,11/14/2025,"Tras el intento de ocupación, se duplica la presencia policial.","Mucha seguridad para cuidar edificios, y poca para cuidar ciudadanos.",
18,Frankenstein,Frankenstein: ¿La obra maestra más oscura de GDT?,IndieWire,11/10/2025,Comparación con El Laberinto del Fauno y La Forma del Agua.,"Más oscura, más profunda, más dolorosa. Del Toro en su mejor forma.",
19,Generacion Z,¿Quién financia la movilización digital de la Gen Z?,El Universal,11/13/2025,Investigación sobre el origen de los hashtags virales.,Es increíble cómo minimizan nuestra voz llamándola 'financiada'.,
20,Frankenstein,La estética victoriana y el detalle de producción,Screen Rant,11/6/2025,Entrevista con la diseñadora de producción sobre el mundo de la película.,"Cada toma es una pintura, la dirección de arte es de otro mundo.",
21,Generacion Z,Estudiantes se suman a las demandas de la marcha,La Jornada,11/15/2025,Facultades de la UNAM y el IPN emiten comunicados de apoyo.,Es un movimiento estudiantil y social. ¡Todos juntos!,
22,Frankenstein,Tráiler rompe récord de vistas en Netflix,Forbes,10/1/2025,El avance de la película se vuelve viral en horas.,El tráiler me puso la piel de gallina. Del Toro sabe cómo vender monstruos.,
23,Generacion Z,Influencers denuncian intimidación tras apoyar las protestas,El País,11/17/2025,Cuentas grandes reportan ataques coordinados y amenazas.,"Si apoyas la protesta, te atacan. Es un miedo constante.",
24,Frankenstein,"Del Toro sobre la ciencia: ""Es la ambición humana""",The Guardian,11/7/2025,Cita del director sobre el verdadero horror de la historia.,La ciencia sin ética es el verdadero monstruo. Del Toro lo entiende.,
25,Generacion Z,México: La generación del cambio social,CNN Español,11/18/2025,Reportaje especial sobre el activismo juvenil en Latam.,"Gen Z está harta de promesas vacías, es hora de actuar.",
26,Frankenstein,Critica: La obra que define la filmografía de Del Toro,SensaCine,11/5/2025,Una reseña que alaba la madurez narrativa y visual del director.,"Mi película favorita de GDT, punto.",
27,Generacion Z,Padres de familia expresan apoyo a la marcha de sus hijos,El Heraldo,11/16/2025,Adultos mayores se unen a las filas en solidaridad.,"No es solo la Gen Z, es una preocupación nacional.",
28,Frankenstein,Análisis: ¿Por qué Frankenstein sigue siendo relevante?,Vulture,11/12/2025,La historia toca temas de rechazo social y disidencia.,"La Gen Z se identifica mucho con el Monstruo, un marginado incomprendido.",
29,Generacion Z,Hashtags de protesta se vuelven *trending* mundial,Twitter News,11/15/2025,#MexicoDespierta y #GenZPorLaPaz lideran tendencias.,La protesta digital es la nueva plaza pública.,
30,Frankenstein,Efectos visuales minimalistas y el poder de la caracterización,FX Magazine,11/10/2025,El uso de maquillaje práctico sobre CGI es un acierto.,Gracias Del Toro por el maquillaje tradicional. Se siente más real.,
31,Generacion Z,Policía Cibernética investiga origen de desinformación,El País,11/14/2025,Señalan cuentas vinculadas a grupos de oposición.,La narrativa de culpar al otro nunca cambia.,
32,Frankenstein,"Del Toro en entrevista: ""Es una carta de amor a Mary Shelley""",CinemaBlend,11/7/2025,El director discute la fidelidad al espíritu del libro.,Se siente el respeto por la fuente original.,
33,Generacion Z,Análisis: Las demandas económicas de la Generación Z,Expansión,11/17/2025,Los jóvenes exigen salarios dignos y acceso a la vivienda.,"No podemos pagar la renta, el problema no es solo político.",
34,Frankenstein,Los 5 momentos más emotivos de Frankenstein (Spoiler Free),BuzzFeed,11/9/2025,Lista de escenas destacadas por su carga dramática.,El momento del espejo es devastador.,
35,Generacion Z,México D.F.: Centro de la protesta juvenil,Reuters,11/16/2025,Cientos se congregan en el Ángel de la Independencia.,"El Ángel es nuestro punto de reunión, el símbolo de la libertad.",
36,Frankenstein,¿Habrá secuela? GDT responde,Collider,11/14/2025,Del Toro dice que esta es una historia autocontenida.,"Perfecto, no necesita secuela. Es completa así.",
37,Generacion Z,Uso de tecnología para evitar represión policial,VICE News,11/15/2025,Apps de mensajería cifrada y transmisión en vivo para documentar abusos.,Hay que estar protegidos. Documentar es protegernos.,
38,Frankenstein,El papel del color y la luz en la película,FilmeNow,11/6/2025,Análisis visual del director de fotografía.,La paleta de colores es sombría y hermosa.,
39,Generacion Z,Gobierno acusa vandalismo en monumentos históricos,INAH,11/17/2025,Daños en edificios y estatuas tras los enfrentamientos.,Una minoría violenta desvía la atención de las demandas reales.,
40,Frankenstein,Estreno de Frankenstein genera debate en Reddit,Reddit r/movies,11/8/2025,Discusión sobre la adaptación y la controversia del casting.,"Hay opiniones divididas, pero la mayoría ama la dirección de GDT.",
41,Generacion Z,Movilización: ¿Una ola organizada o espontánea?,El País,11/18/2025,Expertos debaten la naturaleza del movimiento juvenil.,Es espontáneo pero con un sentimiento colectivo.,
42,Frankenstein,"Actores describen el proceso de maquillaje como ""tortuoso""",The Hollywood Reporter,11/11/2025,Horas de trabajo diario para lograr la apariencia del Monstruo.,El compromiso del actor es admirable.,
43,Generacion Z,Análisis de lenguaje visual de la protesta,Diseño MX,11/15/2025,Uso de carteles minimalistas y referencias a memes.,El diseño comunica más que un discurso largo.,
44,Frankenstein,La música de [Compositor] eleva la emoción,Soundtrack World,11/5/2025,Reseña de la banda sonora de la película.,"La música es épica y melancólica, un 10/10.",
45,Generacion Z,Jóvenes convocan a una segunda marcha en diciembre,Redes Sociales,11/17/2025,La convocatoria es para el día 10 de diciembre.,No nos cansaremos hasta ser escuchados.,
46,Frankenstein,Comparativa: ¿Mejor que las versiones clásicas?,Den of Geek,11/7/2025,El artículo compara la nueva versión con las de la Universal.,"Es diferente, pero respeta el alma del mito.",
47,Generacion Z,Marcha: Un grito contra la corrupción y la impunidad,W Radio,11/16/2025,Las demandas centrales giran en torno a la justicia.,Queremos justicia por todos los crímenes impunes.,
48,Frankenstein,"Del Toro: ""El Monstruo es el niño herido""",Entrevista Televisa,11/4/2025,El director explica su enfoque psicológico del personaje.,Una visión tierna y trágica a la vez.,
49,Generacion Z,Testimonios: Jóvenes que fueron por primera vez a marchar,Aristegui Noticias,11/18/2025,Historias de la experiencia inicial en las protestas.,"Sentí miedo, pero también mucha esperanza al ver a tantos jóvenes.",
50,Frankenstein,Éxito de taquilla limitada en cines independientes,Box Office Guru,11/13/2025,La película tuvo buenas cifras antes de pasar a streaming.,"Vale la pena pagar el cine, es una experiencia inmersiva.",
51,Generacion Z,Movilización en Guadalajara y Monterrey,El Norte,11/16/2025,Las protestas se replican en otros estados clave.,"No es solo CDMX, la inconformidad es nacional.",
52,Frankenstein,Del Toro explica el final alternativo,Revista Empire,11/15/2025,Detalles sobre las escenas eliminadas y cambios de guion.,"Interesante, pero el final que eligió es perfecto.",
53,Generacion Z,Debate en Twitter: ¿Falta de liderazgo en la Gen Z?,El Universal,11/17/2025,Algunos critican la falta de una figura central en el movimiento.,"No necesitamos líderes, somos una red distribuida.",
54,Frankenstein,Análisis del vestuario como herramienta narrativa,Vogue México,11/8/2025,La ropa refleja el estatus y la decadencia moral.,"El vestuario es sombrío y elegante, muy GDT.",
55,Generacion Z,Reporte: Uso de VPN y Tor para comunicación segura,TechCrunch,11/15/2025,La Gen Z utiliza herramientas digitales para evadir vigilancia.,La seguridad digital es parte de la protesta.,
56,Frankenstein,Netflix compra los derechos globales por una cifra millonaria,Deadline,10/25/2025,El acuerdo garantiza una distribución masiva.,La única forma de verla es con una buena plataforma.,
57,Generacion Z,El lenguaje inclusivo y la Gen Z en la protesta,Cultura Colectiva,11/16/2025,Análisis del vocabulario utilizado en las consignas.,La Gen Z trae consigo una nueva forma de hablar y protestar.,
58,Frankenstein,"Del Toro sobre el CGI: ""Solo donde sea estrictamente necesario""",Video Production,11/6/2025,Énfasis en los efectos prácticos y la artesanía.,Se nota la mano de un maestro artesano.,
59,Generacion Z,Gobierno acusa a partidos de derecha de infiltrar la marcha,Milenio,11/14/2025,Argumentan que buscan desestabilizar la administración.,La vieja política siempre tratando de manipularnos.,
60,Frankenstein,Frankenstein: El monstruo que nos obliga a vernos,Psicología y Cine,11/11/2025,Análisis psicológico de la relación creador-criatura.,Refleja nuestras propias inseguridades y rechazos.,
61,Generacion Z,Gen Z crea su propia narrativa en YouTube,YouTube Trends,11/16/2025,Canales de jóvenes documentan la marcha sin filtros.,La mejor cobertura está en los canales independientes.,
62,Frankenstein,La iluminación como personaje en el film de Del Toro,Cinephilia,11/9/2025,Estudio de cómo el claroscuro define el tono de la película.,Cada escena parece sacada de un cuadro barroco.,
63,Generacion Z,Análisis: Diferencias con el movimiento estudiantil del 68,History Channel,11/18/2025,Comparativa entre el activismo actual y el pasado.,"Diferentes épocas, la misma necesidad de cambio.",
64,Frankenstein,La visión del Dr. Frankenstein como un niño caprichoso,The New Yorker,11/12/2025,Crítica que examina la inmadurez moral del científico.,"El Dr. es el verdadero villano, un irresponsable narcisista.",
65,Generacion Z,Reporte de Derechos Humanos condena uso excesivo de la fuerza,Amnistía Internacional,11/17/2025,Documentan agresiones a manifestantes pacíficos.,El estado no respeta nuestros derechos.,
66,Frankenstein,Guillermo del Toro anuncia un libro de arte de la película,Dark Horse Comics,11/14/2025,El tomo contendrá bocetos y diseños conceptuales.,¡Comprado! Necesito ver el proceso creativo de GDT.,
67,Generacion Z,Economistas advierten sobre el impacto de la inestabilidad social,Financial Times,11/18/2025,Las protestas pueden afectar la inversión extranjera.,La inestabilidad la crea el gobierno que no escucha.,
68,Frankenstein,Frankenstein y el cine gótico: Un regreso a las raíces,Horror Freak,11/5/2025,La película abraza la tradición del horror clásico.,Un homenaje perfecto a los monstruos de antaño.,
69,Generacion Z,Manifestantes utilizan drones para documentar la marcha,Tecnología para el Cambio,11/16/2025,Cámaras aéreas registran la magnitud de la concentración.,Los drones muestran la verdad que los medios no quieren ver.,
70,Frankenstein,"Del Toro agradece el recibimiento: ""Una obra personal""",Discurso de Premiere,10/30/2025,El director se emociona al hablar de su conexión con la historia.,Se siente la pasión en cada fotograma.,
71,Generacion Z,Comentarios: La marcha dividió a las familias,Foros de Debate,11/17/2025,Generaciones mayores critican la falta de respeto a la autoridad.,Mis papás no entienden por qué salgo a la calle.,
72,Frankenstein,El Monstruo de Del Toro: ¿El más vulnerable de todos?,Film Comment,11/10/2025,El análisis de la interpretación de [Actor 2] como figura trágica.,Su vulnerabilidad es lo que lo hace tan humano.,
73,Generacion Z,Influencers promueven boicot a marcas que no se pronuncian,TikTok,11/15/2025,Piden a las empresas tomar posición política.,"Si las marcas no nos apoyan, no las consumimos.",
74,Frankenstein,Frankenstein: Un éxito inesperado de Netflix Latam,Netflix Data,11/14/2025,La película se posiciona como la más vista en la región.,¡Qué orgullo para un director mexicano!,
75,Generacion Z,La voz de la Generación Z en los medios tradicionales,Prensa Libre,11/18/2025,Los medios dan más espacio a las demandas de los jóvenes.,Es bueno que por fin nos escuchen en la radio.,
76,Frankenstein,"Del Toro sobre el final: ""Un toque de esperanza""",Entrevista Exclusiva,11/7/2025,El director defiende un cierre menos nihilista.,Un final con esa pequeña luz es muy Del Toro.,
77,Generacion Z,Activistas denuncian detenciones arbitrarias,ONG Derechos Humanos,11/16/2025,Piden la liberación inmediata de los detenidos.,La represión es la respuesta del miedo.,
78,Frankenstein,El impacto de la película en la moda gótica actual,Fashionista,11/10/2025,Las tendencias de vestuario de la película inspiran nuevos looks.,"Me copio el look de Victor, muy elegante y oscuro.",
79,Generacion Z,Análisis de los cánticos y consignas de la marcha,Lingüística Social,11/17/2025,El uso del sarcasmo y el humor negro en las protestas.,La mejor forma de protestar es con inteligencia y humor.,
80,Frankenstein,Frankenstein en el Top 10 de IMDb,IMDb Charts,11/15/2025,La película mantiene una alta calificación entre los usuarios.,Una joya que será un clásico instantáneo.,
81,Generacion Z,Usuarios de Reddit discuten la efectividad de las marchas,Reddit r/Mexico,11/18/2025,Debate sobre si el cambio se logra en la calle o en las urnas.,"Ambos. La calle presiona, la urna decide.",
82,Frankenstein,La crítica elogia la cinematografía en blanco y negro (Versión especial),Sundance Review,11/12/2025,Se lanzó una edición limitada en blanco y negro para cines.,El B&N le da un aire más clásico y dramático.,
83,Generacion Z,Cobertura en vivo de la marcha es la más vista en Facebook,Facebook Live,11/16/2025,Miles de personas siguieron la transmisión en tiempo real.,"Vi todo desde casa, me sentí parte de ello.",
84,Frankenstein,"""Del Toro: Mi Frankenstein no tiene miedo,  tiene dolor""",MasterClass,11/9/2025,El director explica la emoción dominante de la criatura.,"Una frase que lo resume todo, puro dolor.",
85,Generacion Z,La Generación Z y su relación con el pasado político,Revista Nexos,11/17/2025,Los jóvenes critican a generaciones anteriores por la inacción.,"Heredamos un país roto, nos toca arreglarlo.",
86,Frankenstein,Actriz [Actriz 3] sobre el rol femenino en la historia,Women in Film,11/11/2025,El papel de las mujeres en la nueva adaptación.,Los personajes femeninos son más fuertes y complejos.,
87,Generacion Z,"Marcha es calificada como ""evento generacional""",Analistas Políticos,11/18/2025,Se compara el impacto cultural con el Vive Latino.,Un evento que marcará a esta generación.,
88,Frankenstein,Frankenstein es la película más tuiteada de la semana,Twitter Trends,11/8/2025,Millones de menciones sobre el estreno.,"El hype es real, todos están hablando de ella.",
89,Generacion Z,Grupos de apoyo legal asisten a detenidos,Pro Bono México,11/16/2025,Abogados ofrecen ayuda gratuita a los arrestados.,La solidaridad legal es clave en las protestas.,
90,Frankenstein,Del Toro elogia la actuación de [Actor 4] como Henry Clerval,Entrevista Backstage,11/7/2025,El director destaca el soporte emocional del personaje.,Clerval es la única luz en la oscuridad del Dr. Frankenstein.,
91,Generacion Z,El uso de códigos y emojis en la convocatoria,Wired,11/15/2025,Análisis de cómo se organizan secretamente.,Usamos códigos para evitar la censura.,
92,Frankenstein,Los coleccionables de Frankenstein se agotan en línea,Merchandise News,11/13/2025,Figuras y pósters de edición limitada.,Quiero el Funko Pop del Monstruo inmediatamente.,
93,Generacion Z,Medios internacionales critican la respuesta del gobierno,The New York Times,11/17/2025,La reacción oficial es vista como minimización.,El mundo está viendo cómo nos tratan.,
94,Frankenstein,Frankenstein: Una clase magistral de diseño de sonido,Audio Post,11/10/2025,El uso del silencio y los efectos de sonido gutural.,El sonido del latido del Monstruo es aterrador.,
95,Generacion Z,Testimonios de desalojo en la Alameda Central,Diario de México,11/16/2025,Cuentas de primera mano sobre la intervención policial.,Fue violento y desproporcionado.,
96,Frankenstein,"Del Toro: ""Es una tragedia sobre la paternidad fallida""",Focus Features,11/5/2025,El director se enfoca en la responsabilidad del creador.,Es la peor historia de un papá que abandona a su hijo.,
97,Generacion Z,Las 'Fake News' sobre la marcha: Desmentidos de la Gen Z,VerificadorMx,11/15/2025,Jóvenes usan sus redes para desmentir rumores oficiales.,Nos toca a nosotros ser los verificadores.,
98,Frankenstein,Frankenstein se proyecta en la Cineteca Nacional,Cineteca Agenda,10/28/2025,Función especial con presencia de críticos.,Verla en la Cineteca es un ritual.,
99,Generacion Z,Impacto en la cultura pop: Músicos se unen a la protesta,Rolling Stone MX,11/17/2025,Bandas de rock y rap se pronuncian y donan fondos.,La música siempre ha estado con el movimiento.,
100,Frankenstein,La controversia del casting en redes sociales,Twitter Debate,11/4/2025,Discusión sobre la elección de un actor 'demasiado guapo'.,"El maquillaje lo arregla, pero la esencia es Del Toro.",
101,Generacion Z,Gen Z-styled protests spread in Mexico,Reuters,11/16/2025,Protestas tras asesinato de alcalde; enfrentamientos con policía.,El hartazgo juvenil es evidente en cada pancarta.,
102,Frankenstein,Frankenstein ya en streaming,Netflix Tudum,11/7/2025,La película se estrena en Netflix; estructura en tres actos.,"La mejor adaptación del clásico en décadas, ¡imperdible!",
103,Generacion Z,Sheinbaum desautoriza marcha de la generación Z,El País,11/17/2025,Gobierno señala baja participación juvenil y presencia de opositores adultos.,"No importa cuántos éramos, sino el mensaje que dimos.",
104,Frankenstein,Del Toro visita CDMX por estreno,Milenio,10/30/2025,Del Toro y elenco asistirán a evento en Ciudad de México.,México celebra a su genio del cine. ¡Un orgullo!,
105,Generacion Z,Gobierno vincula marcha con desinformación,El País,11/13/2025,Acusan campaña digital financiada con bots e influencers.,"Si el gobierno lo niega, es porque es verdad lo que decimos.",
106,Frankenstein,Estreno en cines mexicanos,TV Azteca,10/23/2025,Se proyecta solo en cines seleccionados e independientes.,Una experiencia cinematográfica que vale cada peso.,
107,Generacion Z,Generación Z toma las calles,Euronews,11/16/2025,20 detenidos y 100 policías heridos en movilizaciones.,La tensión en las calles es insostenible.,
108,Frankenstein,Frankenstein llega a Netflix,El Financiero,11/4/2025,Disponible en streaming desde el 7 de noviembre.,Lista para verla 3 veces seguidas. ¡Qué obra!,
109,Generacion Z,Testimonios de jóvenes sobre protesta,El País,11/16/2025,"Jóvenes denuncian inseguridad, falta de medicinas y problemas sociales.","La protesta es multifactorial, no es solo un tema.",
110,Frankenstein,13 minutos de aplausos en Venecia,El Financiero,8/31/2025,La película recibe ovación en el Festival de Venecia.,Merecidos aplausos para el maestro Del Toro.,
111,Generacion Z,Análisis: ¿Qué busca realmente la Gen Z en las marchas?,BBC Mundo,11/18/2025,Estudio indica desconfianza en instituciones y uso de memes como protesta.,El meme es la herramienta de la sátira política moderna.,
112,Frankenstein,Oscar a Mejor Maquillaje asegurado para GDT,Variety,11/15/2025,Expertos predicen múltiples nominaciones por el diseño del Monstruo.,El maquillaje te cuenta toda la historia del sufrimiento del Monstruo.,
113,Generacion Z,El factor TikTok en las protestas mexicanas,DW,11/15/2025,La red social es la principal herramienta de convocatoria y difusión.,El algoritmo nos unió por la causa.,
114,Frankenstein,La nueva visión de la criatura de Del Toro,Rolling Stone,11/8/2025,El director se enfoca en la soledad y la humanidad del Monstruo.,Es más sobre la víctima que sobre el villano.,
115,Generacion Z,Marcha: ¿El inicio de un nuevo movimiento juvenil?,Reforma,11/17/2025,Sociólogos debaten si las protestas tienen el potencial de la Primavera Árabe.,Los cambios generacionales empiezan con una chispa así.,
116,Frankenstein,Elenco de lujo cautiva a la audiencia global,Hollywood Reporter,11/9/2025,Análisis de las actuaciones de [Actor 1] y [Actor 2] como Dr. y Monstruo.,[Actor 1] logra una frialdad increíble como Dr. Frankenstein.,
117,Generacion Z,Gobierno refuerza seguridad en el Zócalo,Milenio,11/14/2025,"Tras el intento de ocupación, se duplica la presencia policial.",Blindan el poder en lugar de abrir el diálogo.,
118,Frankenstein,Frankenstein: ¿La obra maestra más oscura de GDT?,IndieWire,11/10/2025,Comparación con El Laberinto del Fauno y La Forma del Agua.,"La más cruda y menos fantástica, una joya.",
119,Generacion Z,¿Quién financia la movilización digital de la Gen Z?,El Universal,11/13/2025,Investigación sobre el origen de los hashtags virales.,Nuestra única moneda es la indignación.,
120,Frankenstein,La estética victoriana y el detalle de producción,Screen Rant,11/6/2025,Entrevista con la diseñadora de producción sobre el mundo de la película.,"Cada detalle te transporta a la época, maestría total.",
121,Generacion Z,Estudiantes se suman a las demandas de la marcha,La Jornada,11/15/2025,Facultades de la UNAM y el IPN emiten comunicados de apoyo.,Las universidades son el motor del cambio.,
122,Frankenstein,Tráiler rompe récord de vistas en Netflix,Forbes,10/1/2025,El avance de la película se vuelve viral en horas.,"El tráiler no le hace justicia, la película es mucho mejor.",
123,Generacion Z,Influencers denuncian intimidación tras apoyar las protestas,El País,11/17/2025,Cuentas grandes reportan ataques coordinados y amenazas.,El precio de alzar la voz es alto.,
124,Frankenstein,"Del Toro sobre la ciencia: ""Es la ambición humana""",The Guardian,11/7/2025,Cita del director sobre el verdadero horror de la historia.,La arrogancia del Dr. es la verdadera tragedia.,
125,Generacion Z,México: La generación del cambio social,CNN Español,11/18/2025,Reportaje especial sobre el activismo juvenil en Latam.,Gen Z está definiendo la política en México.,
126,Frankenstein,Critica: La obra que define la filmografía de Del Toro,SensaCine,11/5/2025,Una reseña que alaba la madurez narrativa y visual del director.,Una lección de cómo adaptar un clásico.,
127,Generacion Z,Padres de familia expresan apoyo a la marcha de sus hijos,El Heraldo,11/16/2025,Adultos mayores se unen a las filas en solidaridad.,El apoyo de los padres es crucial para la moral.,
128,Frankenstein,Análisis: ¿Por qué Frankenstein sigue siendo relevante?,Vulture,11/12/2025,La historia toca temas de rechazo social y disidencia.,Refleja la ansiedad de sentirse diferente y excluido.,
129,Generacion Z,Hashtags de protesta se vuelven *trending* mundial,Twitter News,11/15/2025,#MexicoDespierta y #GenZPorLaPaz lideran tendencias.,La voz digital supera a la frontera.,
130,Frankenstein,Efectos visuales minimalistas y el poder de la caracterización,FX Magazine,11/10/2025,El uso de maquillaje práctico sobre CGI es un acierto.,La textura de la piel del Monstruo es increíblemente realista.,
131,Generacion Z,Policía Cibernética investiga origen de desinformación,El País,11/14/2025,Señalan cuentas vinculadas a grupos de oposición.,Intentan deslegitimar el movimiento a toda costa.,
132,Frankenstein,"Del Toro en entrevista: ""Es una carta de amor a Mary Shelley""",CinemaBlend,11/7/2025,El director discute la fidelidad al espíritu del libro.,"Respeta la esencia, pero le añade su toque personal.",
133,Generacion Z,Análisis: Las demandas económicas de la Generación Z,Expansión,11/17/2025,Los jóvenes exigen salarios dignos y acceso a la vivienda.,El futuro económico es la mayor preocupación de la Gen Z.,
134,Frankenstein,Los 5 momentos más emotivos de Frankenstein (Spoiler Free),BuzzFeed,11/9/2025,Lista de escenas destacadas por su carga dramática.,La escena final me destrozó el corazón.,
135,Generacion Z,México D.F.: Centro de la protesta juvenil,Reuters,11/16/2025,Cientos se congregan en el Ángel de la Independencia.,El Ángel fue el punto de encuentro de la esperanza.,
136,Frankenstein,¿Habrá secuela? GDT responde,Collider,11/14/2025,Del Toro dice que esta es una historia autocontenida.,"Terminó perfectamente, no necesita más.",
137,Generacion Z,Uso de tecnología para evitar represión policial,VICE News,11/15/2025,Apps de mensajería cifrada y transmisión en vivo para documentar abusos.,El celular es nuestra arma de defensa y denuncia.,
138,Frankenstein,El papel del color y la luz en la película,FilmeNow,11/6/2025,Análisis visual del director de fotografía.,La niebla y la oscuridad son personajes en sí mismos.,
139,Generacion Z,Gobierno acusa vandalismo en monumentos históricos,INAH,11/17/2025,Daños en edificios y estatuas tras los enfrentamientos.,El daño al patrimonio es lamentable.,
140,Frankenstein,Estreno de Frankenstein genera debate en Reddit,Reddit r/movies,11/8/2025,Discusión sobre la adaptación y la controversia del casting.,"El debate en Reddit está encendido, es un signo de éxito.",
141,Generacion Z,Movilización: ¿Una ola organizada o espontánea?,El País,11/18/2025,Expertos debaten la naturaleza del movimiento juvenil.,Es una ola de indignación genuina.,
142,Frankenstein,"Actores describen el proceso de maquillaje como ""tortuoso""",The Hollywood Reporter,11/11/2025,Horas de trabajo diario para lograr la apariencia del Monstruo.,"El sacrificio se ve en la pantalla, un trabajo artesanal.",
143,Generacion Z,Análisis de lenguaje visual de la protesta,Diseño MX,11/15/2025,Uso de carteles minimalistas y referencias a memes.,Los carteles eran arte puro de protesta.,
144,Frankenstein,La música de [Compositor] eleva la emoción,Soundtrack World,11/5/2025,Reseña de la banda sonora de la película.,La banda sonora es tan épica como la historia.,
145,Generacion Z,Jóvenes convocan a una segunda marcha en diciembre,Redes Sociales,11/17/2025,La convocatoria es para el día 10 de diciembre.,"La lucha no termina, apenas comienza.",
146,Frankenstein,Comparativa: ¿Mejor que las versiones clásicas?,Den of Geek,11/7/2025,El artículo compara la nueva versión con las de la Universal.,Es la versión que Mary Shelley merecía ver.,
147,Generacion Z,Marcha: Un grito contra la corrupción y la impunidad,W Radio,11/16/2025,Las demandas centrales giran en torno a la justicia.,La justicia es la base de todo lo que pedimos.,
148,Frankenstein,"Del Toro sobre la ciencia: ""Es la ambición humana""",Entrevista Televisa,11/4/2025,El director explica su enfoque psicológico del personaje.,La ambición desmedida es el verdadero motor del terror.,
149,Generacion Z,Testimonios: Jóvenes que fueron por primera vez a marchar,Aristegui Noticias,11/18/2025,Historias de la experiencia inicial en las protestas.,"Fue mi primera vez, y no será la última.",
150,Frankenstein,Éxito de taquilla limitada en cines independientes,Box Office Guru,11/13/2025,La película tuvo buenas cifras antes de pasar a streaming.,Un éxito de nicho que se masificó en streaming.,
151,Generacion Z,Movilización en Guadalajara y Monterrey,El Norte,11/16/2025,Las protestas se replican en otros estados clave.,La provincia también alza la voz.,
152,Frankenstein,Del Toro explica el final alternativo,Revista Empire,11/15/2025,Detalles sobre las escenas eliminadas y cambios de guion.,El final elegido es el más coherente con el tono de GDT.,
153,Generacion Z,Debate en Twitter: ¿Falta de liderazgo en la Gen Z?,El Universal,11/17/2025,Algunos critican la falta de una figura central en el movimiento.,El liderazgo es horizontal en esta generación.,
154,Frankenstein,Análisis del vestuario como herramienta narrativa,Vogue México,11/8/2025,La ropa refleja el estatus y la decadencia moral.,El vestuario es un personaje más en la historia.,
155,Generacion Z,Reporte: Uso de VPN y Tor para comunicación segura,TechCrunch,11/15/2025,La Gen Z utiliza herramientas digitales para evadir vigilancia.,La protesta se organiza en la sombra digital.,
156,Frankenstein,Netflix compra los derechos globales por una cifra millonaria,Deadline,10/25/2025,El acuerdo garantiza una distribución masiva.,"Gracias a Netflix, la obra llegó a todo el mundo.",
157,Generacion Z,El lenguaje inclusivo y la Gen Z en la protesta,Cultura Colectiva,11/16/2025,Análisis del vocabulario utilizado en las consignas.,La Gen Z trae consigo el lenguaje de la inclusión.,
158,Frankenstein,"Del Toro sobre el CGI: ""Solo donde sea estrictamente necesario""",Video Production,11/6/2025,Énfasis en los efectos prácticos y la artesanía.,Se agradece el toque práctico y menos digital.,
159,Generacion Z,Gobierno acusa a partidos de derecha de infiltrar la marcha,Milenio,11/14/2025,Argumentan que buscan desestabilizar la administración.,Una cortina de humo para no hablar de las demandas.,
160,Frankenstein,Frankenstein: El monstruo que nos obliga a vernos,Psicología y Cine,11/11/2025,Análisis psicológico de la relación creador-criatura.,El Monstruo es el espejo de nuestra sociedad.,
161,Generacion Z,Gen Z crea su propia narrativa en YouTube,YouTube Trends,11/16/2025,Canales de jóvenes documentan la marcha sin filtros.,La información real viene de los jóvenes en el lugar.,
162,Frankenstein,La iluminación como personaje en el film de Del Toro,Cinephilia,11/9/2025,Estudio de cómo el claroscuro define el tono de la película.,Un maestro del contraste y la sombra.,
163,Generacion Z,Análisis: Diferencias con el movimiento estudiantil del 68,History Channel,11/18/2025,Comparativa entre el activismo actual y el pasado.,La tecnología es la mayor diferencia con el 68.,
164,Frankenstein,La visión del Dr. Frankenstein como un niño caprichoso,The New Yorker,11/12/2025,Crítica que examina la inmadurez moral del científico.,Un genio con la madurez de un niño.,
165,Generacion Z,Reporte de Derechos Humanos condena uso excesivo de la fuerza,Amnistía Internacional,11/17/2025,Documentan agresiones a manifestantes pacíficos.,El derecho a protestar debe ser respetado.,
166,Frankenstein,Guillermo del Toro anuncia un libro de arte de la película,Dark Horse Comics,11/14/2025,El tomo contendrá bocetos y diseños conceptuales.,El arte conceptual es tan bueno como la película.,
167,Generacion Z,Economistas advierten sobre el impacto de la inestabilidad social,Financial Times,11/18/2025,Las protestas pueden afectar la inversión extranjera.,La inestabilidad es consecuencia de la crisis social.,
168,Frankenstein,Frankenstein y el cine gótico: Un regreso a las raíces,Horror Freak,11/5/2025,La película abraza la tradición del horror clásico.,Un festín visual para los amantes del gótico.,
169,Generacion Z,Manifestantes utilizan drones para documentar la marcha,Tecnología para el Cambio,11/16/2025,Cámaras aéreas registran la magnitud de la concentración.,Los drones ofrecen una perspectiva imparcial.,
170,Frankenstein,"Del Toro agradece el recibimiento: ""Una obra personal""",Discurso de Premiere,10/30/2025,El director se emociona al hablar de su conexión con la historia.,La pasión de GDT se transmite en el cine.,
171,Generacion Z,Comentarios: La marcha dividió a las familias,Foros de Debate,11/17/2025,Generaciones mayores critican la falta de respeto a la autoridad.,La brecha generacional se hizo más grande en la marcha.,
172,Frankenstein,El Monstruo de Del Toro: ¿El más vulnerable de todos?,Film Comment,11/10/2025,El análisis de la interpretación de [Actor 2] como figura trágica.,Un ser lleno de dolor e inocencia robada.,
173,Generacion Z,Influencers promueven boicot a marcas que no se pronuncian,TikTok,11/15/2025,Piden a las empresas tomar posición política.,Las marcas deben tener responsabilidad social.,
174,Frankenstein,Frankenstein: Un éxito inesperado de Netflix Latam,Netflix Data,11/14/2025,La película se posiciona como la más vista en la región.,Un triunfo para el cine de autor en streaming.,
175,Generacion Z,La voz de la Generación Z en los medios tradicionales,Prensa Libre,11/18/2025,Los medios dan más espacio a las demandas de los jóvenes.,La presión de la calle obliga a los medios a reaccionar.,
176,Frankenstein,"Del Toro sobre el final: ""Un toque de esperanza""",Entrevista Exclusiva,11/7/2025,El director defiende un cierre menos nihilista.,"Un final que te deja pensando, pero con luz.",
177,Generacion Z,Activistas denuncian detenciones arbitrarias,ONG Derechos Humanos,11/16/2025,Piden la liberación inmediata de los detenidos.,La represión es el peor enemigo de la democracia.,
178,Frankenstein,El impacto de la película en la moda gótica actual,Fashionista,11/10/2025,Las tendencias de vestuario de la película inspiran nuevos looks.,El estilo victoriano está de vuelta gracias a Del Toro.,
179,Generacion Z,Análisis de los cánticos y consignas de la marcha,Lingüística Social,11/17/2025,El uso del sarcasmo y el humor negro en las protestas.,Protestar con inteligencia es el sello de la Gen Z.,
180,Frankenstein,Frankenstein en el Top 10 de IMDb,IMDb Charts,11/15/2025,La película mantiene una alta calificación entre los usuarios.,Una obra maestra que perdurará.,
181,Generacion Z,Usuarios de Reddit discuten la efectividad de las marchas,Reddit r/Mexico,11/18/2025,Debate sobre si el cambio se logra en la calle o en las urnas.,"La calle mueve la aguja, la urna lo consolida.",
182,Frankenstein,La crítica elogia la cinematografía en blanco y negro (Versión especial),Sundance Review,11/12/2025,Se lanzó una edición limitada en blanco y negro para cines.,El B&N intensifica la tragedia.,
183,Generacion Z,Cobertura en vivo de la marcha es la más vista en Facebook,Facebook Live,11/16/2025,Miles de personas siguieron la transmisión en tiempo real.,La transmisión en vivo es la nueva crónica.,
184,Frankenstein,"Del Toro: ""Mi Frankenstein no tiene miedo"," tiene dolor""",MasterClass,11/9/2025,El director explica la emoción dominante de la criatura.,El dolor como motor de la monstruosidad.
185,Generacion Z,La Generación Z y su relación con el pasado político,Revista Nexos,11/17/2025,Los jóvenes critican a generaciones anteriores por la inacción.,No queremos cometer los mismos errores.,
186,Frankenstein,Actriz [Actriz 3] sobre el rol femenino en la historia,Women in Film,11/11/2025,El papel de las mujeres en la nueva adaptación.,Los personajes femeninos son el ancla moral.,
187,Generacion Z,"Marcha es calificada como ""evento generacional""",Analistas Políticos,11/18/2025,Se compara el impacto cultural con el Vive Latino.,Un momento definitorio para la juventud mexicana.,
188,Frankenstein,Frankenstein es la película más tuiteada de la semana,Twitter Trends,11/8/2025,Millones de menciones sobre el estreno.,El poder de Del Toro en las redes.,
189,Generacion Z,Grupos de apoyo legal asisten a detenidos,Pro Bono México,11/16/2025,Abogados ofrecen ayuda gratuita a los arrestados.,La asistencia legal es una forma de protesta.,
190,Frankenstein,Del Toro elogia la actuación de [Actor 4] como Henry Clerval,Entrevista Backstage,11/7/2025,El director destaca el soporte emocional del personaje.,Clerval es la consciencia de Víctor.,
191,Generacion Z,El uso de códigos y emojis en la convocatoria,Wired,11/15/2025,Análisis de cómo se organizan secretamente.,La Gen Z inventa sus propios códigos para la seguridad.,
192,Frankenstein,Los coleccionables de Frankenstein se agotan en línea,Merchandise News,11/13/2025,Figuras y pósters de edición limitada.,El merchandising es un éxito rotundo.,
193,Generacion Z,Medios internacionales critican la respuesta del gobierno,The New York Times,11/17/2025,La reacción oficial es vista como minimización.,El mundo observa el trato a los manifestantes.,
194,Frankenstein,Frankenstein: Una clase magistral de diseño de sonido,Audio Post,11/10/2025,El uso del silencio y los efectos de sonido gutural.,El diseño de sonido es perturbador y brillante.,
195,Generacion Z,Testimonios de desalojo en la Alameda Central,Diario de México,11/16/2025,Cuentas de primera mano sobre la intervención policial.,La violencia no nos va a detener.,
196,Frankenstein,"Del Toro: ""Es una tragedia sobre la paternidad fallida""",Focus Features,11/5/2025,El director se enfoca en la responsabilidad del creador.,Un tema universal que Del Toro maneja con maestría.,
197,Generacion Z,Las 'Fake News' sobre la marcha: Desmentidos de la Gen Z,VerificadorMx,11/15/2025,Jóvenes usan sus redes para desmentir rumores oficiales.,La Gen Z lucha contra la desinformación en tiempo real.,
198,Frankenstein,Frankenstein se proyecta en la Cineteca Nacional,Cineteca Agenda,10/28/2025,Función especial con presencia de críticos.,Un evento cultural imperdible en la Cineteca.,
199,Generacion Z,Impacto en la cultura pop: Músicos se unen a la protesta,Rolling Stone MX,11/17/2025,Bandas de rock y rap se pronuncian y donan fondos.,Los artistas son aliados del cambio.,
200,Frankenstein,La controversia del casting en redes sociales,Twitter Debate,11/4/2025,Discusión sobre la elección de un actor 'demasiado guapo'.,"Al final, la actuación superó el debate del casting.",
